id,first_name,last_name,age,created_at,updated_at
2,Jessica,Hill,21,2021-12-07T13:19:24.000000Z,2021-12-07T13:19:24.000000Z
3,Kevin,Morrison,23,2021-12-07T13:19:24.000000Z,2021-12-07T13:19:24.000000Z
4,Spike,Russell,27,2021-12-07T13:19:24.000000Z,2021-12-07T13:19:24.000000Z
5,Ryan,Edwards,28,2021-12-07T13:19:24.000000Z,2021-12-07T13:19:24.000000Z
6,Clark,Jones,18,2021-12-07T13:19:24.000000Z,2021-12-07T13:19:24.000000Z
7,Joyce,Ryan,21,2021-12-07T13:19:24.000000Z,2021-12-07T13:19:24.000000Z
8,Adrian,Morgan,24,2021-12-07T13:19:24.000000Z,2021-12-07T13:19:24.000000Z
9,Lucy,Jones,19,2021-12-07T13:19:24.000000Z,2021-12-07T13:19:24.000000Z
10,Lana,Foster,19,2021-12-07T13:19:24.000000Z,2021-12-07T13:19:24.000000Z
11,Grace,Wright,27,2021-12-07T13:19:24.000000Z,2021-12-07T13:19:24.000000Z
12,Fiona,Wright,27,2021-12-07T13:19:24.000000Z,2021-12-07T13:19:24.000000Z
13,Victor,Ellis,25,2021-12-07T13:19:24.000000Z,2021-12-07T13:19:24.000000Z
14,Carlos,Wright,29,2021-12-07T13:19:24.000000Z,2021-12-07T13:19:24.000000Z
15,Ned,Armstrong,23,2021-12-07T13:19:24.000000Z,2021-12-07T13:19:24.000000Z
16,Dexter,Taylor,28,2021-12-07T13:19:24.000000Z,2021-12-07T13:19:24.000000Z
17,Elian,Evans,24,2021-12-07T13:19:24.000000Z,2021-12-07T13:19:24.000000Z
18,Dainton,Cunningham,22,2021-12-07T13:19:24.000000Z,2021-12-07T13:19:24.000000Z
19,Preston,Perry,27,2021-12-07T13:19:24.000000Z,2021-12-07T13:19:24.000000Z
20,Haris,Sullivan,25,2021-12-07T13:19:24.000000Z,2021-12-07T13:19:24.000000Z
21,Michael,Russell,26,2021-12-07T13:19:24.000000Z,2021-12-07T13:19:24.000000Z
22,Edgar,Scott,25,2021-12-07T13:19:24.000000Z,2021-12-07T13:19:24.000000Z
23,William,Hamilton,20,2021-12-07T13:19:24.000000Z,2021-12-07T13:19:24.000000Z
24,Chloe,Reed,26,2021-12-07T13:19:24.000000Z,2021-12-07T13:19:24.000000Z
25,Savana,Reed,20,2021-12-07T13:19:24.000000Z,2021-12-07T13:19:24.000000Z
26,Emily,Cole,24,2021-12-07T13:19:24.000000Z,2021-12-07T13:19:24.000000Z
27,Gianna,Ryan,27,2021-12-07T13:19:24.000000Z,2021-12-07T13:19:24.000000Z
28,Dale,Cunningham,22,2021-12-07T13:19:24.000000Z,2021-12-07T13:19:24.000000Z
29,Vanessa,Walker,22,2021-12-07T13:19:24.000000Z,2021-12-07T13:19:24.000000Z
30,Rafael,Reed,23,2021-12-07T13:19:24.000000Z,2021-12-07T13:19:24.000000Z
31,Chelsea,Robinson,26,2021-12-07T13:19:24.000000Z,2021-12-07T13:19:24.000000Z
32,Julian,Bailey,25,2021-12-07T13:19:24.000000Z,2021-12-07T13:19:24.000000Z
33,Amy,Kelly,27,2021-12-07T13:19:24.000000Z,2021-12-07T13:19:24.000000Z
34,Alisa,Chapman,18,2021-12-07T13:19:24.000000Z,2021-12-07T13:19:24.000000Z
35,Arthur,Walker,22,2021-12-07T13:19:24.000000Z,2021-12-07T13:19:24.000000Z
36,Rafael,Warren,24,2021-12-07T13:19:24.000000Z,2021-12-07T13:19:24.000000Z
37,Ryan,Turner,18,2021-12-07T13:19:24.000000Z,2021-12-07T13:19:24.000000Z
38,Cadie,Walker,25,2021-12-07T13:19:24.000000Z,2021-12-07T13:19:24.000000Z
39,Darcy,Hawkins,30,2021-12-07T13:19:24.000000Z,2021-12-07T13:19:24.000000Z
40,Fiona,Payne,20,2021-12-07T13:19:24.000000Z,2021-12-07T13:19:24.000000Z
41,Abigail,Edwards,27,2021-12-07T13:19:24.000000Z,2021-12-07T13:19:24.000000Z
42,Jordan,Brown,27,2021-12-07T13:19:24.000000Z,2021-12-07T13:19:24.000000Z
43,Annabella,Davis,29,2021-12-07T13:19:24.000000Z,2021-12-07T13:19:24.000000Z
44,Savana,Dixon,21,2021-12-07T13:19:24.000000Z,2021-12-07T13:19:24.000000Z
45,Miller,Cole,26,2021-12-07T13:19:24.000000Z,2021-12-07T13:19:24.000000Z
46,Kate,Allen,21,2021-12-07T13:19:24.000000Z,2021-12-07T13:19:24.000000Z
47,Heather,Stewart,19,2021-12-07T13:19:24.000000Z,2021-12-07T13:19:24.000000Z
48,Jordan,Campbell,20,2021-12-07T13:19:24.000000Z,2021-12-07T13:19:24.000000Z
49,Owen,Scott,26,2021-12-07T13:19:24.000000Z,2021-12-07T13:19:24.000000Z
50,Catherine,Douglas,28,2021-12-07T13:19:24.000000Z,2021-12-07T13:19:24.000000Z
51,Paul,Mitchell,27,2021-12-07T13:19:24.000000Z,2021-12-07T13:19:24.000000Z
52,Dale,Morris,22,2021-12-07T13:19:24.000000Z,2021-12-07T13:19:24.000000Z
53,Alan,Jones,23,2021-12-07T13:19:24.000000Z,2021-12-07T13:19:24.000000Z
54,Miranda,Bennett,29,2021-12-07T13:19:24.000000Z,2021-12-07T13:19:24.000000Z
55,Kellan,Casey,30,2021-12-07T13:19:24.000000Z,2021-12-07T13:19:24.000000Z
56,Dainton,Allen,25,2021-12-07T13:19:24.000000Z,2021-12-07T13:19:24.000000Z
57,Oliver,Hill,23,2021-12-07T13:19:24.000000Z,2021-12-07T13:19:24.000000Z
58,Eric,Perry,27,2021-12-07T13:19:24.000000Z,2021-12-07T13:19:24.000000Z
59,Amber,Farrell,29,2021-12-07T13:19:24.000000Z,2021-12-07T13:19:24.000000Z
60,Victor,Morris,27,2021-12-07T13:19:24.000000Z,2021-12-07T13:19:24.000000Z
61,Olivia,Montgomery,20,2021-12-07T13:19:24.000000Z,2021-12-07T13:19:24.000000Z
62,Naomi,Cole,24,2021-12-07T13:19:24.000000Z,2021-12-07T13:19:24.000000Z
63,Deanna,Turner,22,2021-12-07T13:19:24.000000Z,2021-12-07T13:19:24.000000Z
64,Richard,Grant,29,2021-12-07T13:19:24.000000Z,2021-12-07T13:19:24.000000Z
65,Lyndon,Evans,25,2021-12-07T13:19:24.000000Z,2021-12-07T13:19:24.000000Z
66,James,Armstrong,26,2021-12-07T13:19:24.000000Z,2021-12-07T13:19:24.000000Z
67,Aida,Douglas,22,2021-12-07T13:19:24.000000Z,2021-12-07T13:19:24.000000Z
68,Charlotte,Tucker,25,2021-12-07T13:19:24.000000Z,2021-12-07T13:19:24.000000Z
69,Lana,Spencer,21,2021-12-07T13:19:24.000000Z,2021-12-07T13:19:24.000000Z
70,Caroline,Perkins,22,2021-12-07T13:19:24.000000Z,2021-12-07T13:19:24.000000Z
71,Connie,Adams,28,2021-12-07T13:19:24.000000Z,2021-12-07T13:19:24.000000Z
72,Lilianna,Barnes,30,2021-12-07T13:19:24.000000Z,2021-12-07T13:19:24.000000Z
73,Edith,Watson,19,2021-12-07T13:19:24.000000Z,2021-12-07T13:19:24.000000Z
74,Owen,Gray,26,2021-12-07T13:19:24.000000Z,2021-12-07T13:19:24.000000Z
75,Gianna,Fowler,21,2021-12-07T13:19:24.000000Z,2021-12-07T13:19:24.000000Z
76,Alisa,Thompson,27,2021-12-07T13:19:24.000000Z,2021-12-07T13:19:24.000000Z
77,Jack,Edwards,30,2021-12-07T13:19:24.000000Z,2021-12-07T13:19:24.000000Z
78,Sabrina,Adams,22,2021-12-07T13:19:24.000000Z,2021-12-07T13:19:24.000000Z
79,Nicole,Davis,29,2021-12-07T13:19:24.000000Z,2021-12-07T13:19:24.000000Z
80,Cherry,Mitchell,26,2021-12-07T13:19:24.000000Z,2021-12-07T13:19:24.000000Z
81,Caroline,Ryan,19,2021-12-07T13:19:24.000000Z,2021-12-07T13:19:24.000000Z
82,Cadie,Baker,26,2021-12-07T13:19:24.000000Z,2021-12-07T13:19:24.000000Z
83,Ada,Edwards,30,2021-12-07T13:19:24.000000Z,2021-12-07T13:19:24.000000Z
84,Maddie,Moore,25,2021-12-07T13:19:24.000000Z,2021-12-07T13:19:24.000000Z
85,Carlos,Howard,25,2021-12-07T13:19:24.000000Z,2021-12-07T13:19:24.000000Z
86,Daniel,Mitchell,30,2021-12-07T13:19:24.000000Z,2021-12-07T13:19:24.000000Z
87,Amy,Campbell,19,2021-12-07T13:19:24.000000Z,2021-12-07T13:19:24.000000Z
88,Cherry,Johnston,30,2021-12-07T13:19:24.000000Z,2021-12-07T13:19:24.000000Z
89,Spike,Edwards,27,2021-12-07T13:19:24.000000Z,2021-12-07T13:19:24.000000Z
90,Ellia,Walker,18,2021-12-07T13:19:24.000000Z,2021-12-07T13:19:24.000000Z
91,Chelsea,Parker,27,2021-12-07T13:19:24.000000Z,2021-12-07T13:19:24.000000Z
92,Jasmine,Reed,29,2021-12-07T13:19:24.000000Z,2021-12-07T13:19:24.000000Z
93,Chester,Walker,25,2021-12-07T13:19:24.000000Z,2021-12-07T13:19:24.000000Z
94,Julian,Mason,18,2021-12-07T13:19:24.000000Z,2021-12-07T13:19:24.000000Z
95,Maria,Parker,27,2021-12-07T13:19:24.000000Z,2021-12-07T13:19:24.000000Z
96,Amelia,Perry,19,2021-12-07T13:19:24.000000Z,2021-12-07T13:19:24.000000Z
97,Rubie,Mason,27,2021-12-07T13:19:24.000000Z,2021-12-07T13:19:24.000000Z
98,Rosie,Roberts,19,2021-12-07T13:19:24.000000Z,2021-12-07T13:19:24.000000Z
99,Sawyer,Bailey,26,2021-12-07T13:19:24.000000Z,2021-12-07T13:19:24.000000Z
100,Oscar,Hall,30,2021-12-07T13:19:24.000000Z,2021-12-07T13:19:24.000000Z
101,Sienna,Watson,23,2021-12-07T13:19:24.000000Z,2021-12-07T13:19:24.000000Z
102,Emily,Johnson,24,2021-12-07T13:19:24.000000Z,2021-12-07T13:19:24.000000Z
103,Jared,Warren,30,2021-12-07T13:19:24.000000Z,2021-12-07T13:19:24.000000Z
104,Florrie,Robinson,25,2021-12-07T13:19:24.000000Z,2021-12-07T13:19:24.000000Z
105,Ned,Montgomery,19,2021-12-07T13:19:24.000000Z,2021-12-07T13:19:24.000000Z
106,Daisy,Clark,20,2021-12-07T13:19:24.000000Z,2021-12-07T13:19:24.000000Z
107,Harold,Hunt,21,2021-12-07T13:19:24.000000Z,2021-12-07T13:19:24.000000Z
108,Aston,Chapman,19,2021-12-07T13:19:24.000000Z,2021-12-07T13:19:24.000000Z
109,Emily,Gray,24,2021-12-07T13:19:24.000000Z,2021-12-07T13:19:24.000000Z
110,Connie,Sullivan,20,2021-12-07T13:19:24.000000Z,2021-12-07T13:19:24.000000Z
111,Jared,Walker,28,2021-12-07T13:19:24.000000Z,2021-12-07T13:19:24.000000Z
112,Stuart,Perry,26,2021-12-07T13:19:24.000000Z,2021-12-07T13:19:24.000000Z
113,Tara,Hawkins,28,2021-12-07T13:19:24.000000Z,2021-12-07T13:19:24.000000Z
114,Myra,Johnston,27,2021-12-07T13:19:24.000000Z,2021-12-07T13:19:24.000000Z
115,Audrey,Thompson,20,2021-12-07T13:19:24.000000Z,2021-12-07T13:19:24.000000Z
116,Alexander,Cunningham,22,2021-12-07T13:19:24.000000Z,2021-12-07T13:19:24.000000Z
117,Michelle,Ferguson,27,2021-12-07T13:19:24.000000Z,2021-12-07T13:19:24.000000Z
118,William,Mason,22,2021-12-07T13:19:24.000000Z,2021-12-07T13:19:24.000000Z
119,Lilianna,Dixon,22,2021-12-07T13:19:24.000000Z,2021-12-07T13:19:24.000000Z
120,Connie,Smith,23,2021-12-07T13:19:24.000000Z,2021-12-07T13:19:24.000000Z
121,Miranda,Scott,22,2021-12-07T13:19:24.000000Z,2021-12-07T13:19:24.000000Z
122,Abraham,Robinson,18,2021-12-07T13:19:24.000000Z,2021-12-07T13:19:24.000000Z
123,Freddie,Payne,22,2021-12-07T13:19:24.000000Z,2021-12-07T13:19:24.000000Z
124,Anna,Grant,29,2021-12-07T13:19:24.000000Z,2021-12-07T13:19:24.000000Z
125,Maddie,Wright,19,2021-12-07T13:19:24.000000Z,2021-12-07T13:19:24.000000Z
126,Richard,Hill,18,2021-12-07T13:19:24.000000Z,2021-12-07T13:19:24.000000Z
127,Jack,Roberts,30,2021-12-07T13:19:24.000000Z,2021-12-07T13:19:24.000000Z
128,Julia,Carter,29,2021-12-07T13:19:24.000000Z,2021-12-07T13:19:24.000000Z
129,James,Miller,19,2021-12-07T13:19:24.000000Z,2021-12-07T13:19:24.000000Z
130,John,Morrison,26,2021-12-07T13:19:24.000000Z,2021-12-07T13:19:24.000000Z
131,Owen,Murphy,29,2021-12-07T13:19:24.000000Z,2021-12-07T13:19:24.000000Z
132,Andrew,Evans,25,2021-12-07T13:19:24.000000Z,2021-12-07T13:19:24.000000Z
133,Aston,Mason,19,2021-12-07T13:19:24.000000Z,2021-12-07T13:19:24.000000Z
134,Adelaide,Hall,28,2021-12-07T13:19:24.000000Z,2021-12-07T13:19:24.000000Z
135,Melissa,Henderson,19,2021-12-07T13:19:24.000000Z,2021-12-07T13:19:24.000000Z
136,Luke,Moore,21,2021-12-07T13:19:24.000000Z,2021-12-07T13:19:24.000000Z
137,Lily,Ellis,30,2021-12-07T13:19:24.000000Z,2021-12-07T13:19:24.000000Z
138,Adam,Edwards,23,2021-12-07T13:19:24.000000Z,2021-12-07T13:19:24.000000Z
139,Brianna,Watson,23,2021-12-07T13:19:24.000000Z,2021-12-07T13:19:24.000000Z
140,Ned,Morris,24,2021-12-07T13:19:24.000000Z,2021-12-07T13:19:24.000000Z
141,James,Gray,25,2021-12-07T13:19:24.000000Z,2021-12-07T13:19:24.000000Z
142,Dainton,Alexander,20,2021-12-07T13:19:24.000000Z,2021-12-07T13:19:24.000000Z
143,Alan,Roberts,20,2021-12-07T13:19:24.000000Z,2021-12-07T13:19:24.000000Z
144,Stella,Roberts,23,2021-12-07T13:19:24.000000Z,2021-12-07T13:19:24.000000Z
145,Connie,Roberts,30,2021-12-07T13:19:24.000000Z,2021-12-07T13:19:24.000000Z
146,Lenny,Edwards,22,2021-12-07T13:19:24.000000Z,2021-12-07T13:19:24.000000Z
147,Emily,Spencer,28,2021-12-07T13:19:24.000000Z,2021-12-07T13:19:24.000000Z
148,Daisy,Evans,26,2021-12-07T13:19:24.000000Z,2021-12-07T13:19:24.000000Z
149,Melanie,Hawkins,26,2021-12-07T13:19:24.000000Z,2021-12-07T13:19:24.000000Z
150,Rebecca,Harris,19,2021-12-07T13:19:24.000000Z,2021-12-07T13:19:24.000000Z
151,Edwin,Chapman,19,2021-12-07T13:19:24.000000Z,2021-12-07T13:19:24.000000Z
152,Jared,Turner,18,2021-12-07T13:19:24.000000Z,2021-12-07T13:19:24.000000Z
153,Freddie,Phillips,20,2021-12-07T13:19:24.000000Z,2021-12-07T13:19:24.000000Z
154,Nicholas,Mason,24,2021-12-07T13:19:24.000000Z,2021-12-07T13:19:24.000000Z
155,Patrick,Wells,30,2021-12-07T13:19:24.000000Z,2021-12-07T13:19:24.000000Z
156,Sawyer,Howard,22,2021-12-07T13:19:24.000000Z,2021-12-07T13:19:24.000000Z
157,Paul,Miller,24,2021-12-07T13:19:24.000000Z,2021-12-07T13:19:24.000000Z
158,Vivian,Roberts,29,2021-12-07T13:19:24.000000Z,2021-12-07T13:19:24.000000Z
159,Carina,Stewart,20,2021-12-07T13:19:24.000000Z,2021-12-07T13:19:24.000000Z
160,Ashton,Allen,26,2021-12-07T13:19:24.000000Z,2021-12-07T13:19:24.000000Z
161,Chloe,Roberts,25,2021-12-07T13:19:24.000000Z,2021-12-07T13:19:24.000000Z
162,Paige,Evans,19,2021-12-07T13:19:24.000000Z,2021-12-07T13:19:24.000000Z
163,Madaline,Richards,21,2021-12-07T13:19:24.000000Z,2021-12-07T13:19:24.000000Z
164,Anna,Montgomery,27,2021-12-07T13:19:24.000000Z,2021-12-07T13:19:24.000000Z
165,Audrey,Johnson,29,2021-12-07T13:19:24.000000Z,2021-12-07T13:19:24.000000Z
166,Edwin,Thompson,22,2021-12-07T13:19:24.000000Z,2021-12-07T13:19:24.000000Z
167,Alfred,Richardson,30,2021-12-07T13:19:24.000000Z,2021-12-07T13:19:24.000000Z
168,Isabella,Reed,29,2021-12-07T13:19:24.000000Z,2021-12-07T13:19:24.000000Z
169,Sofia,Thomas,27,2021-12-07T13:19:24.000000Z,2021-12-07T13:19:24.000000Z
170,Myra,Williams,23,2021-12-07T13:19:24.000000Z,2021-12-07T13:19:24.000000Z
171,Myra,Morgan,23,2021-12-07T13:19:24.000000Z,2021-12-07T13:19:24.000000Z
172,Elise,Sullivan,22,2021-12-07T13:19:24.000000Z,2021-12-07T13:19:24.000000Z
173,Dexter,Watson,25,2021-12-07T13:19:24.000000Z,2021-12-07T13:19:24.000000Z
174,Ashton,Walker,25,2021-12-07T13:19:24.000000Z,2021-12-07T13:19:24.000000Z
175,Jacob,Craig,27,2021-12-07T13:19:24.000000Z,2021-12-07T13:19:24.000000Z
176,Fenton,Richards,24,2021-12-07T13:19:24.000000Z,2021-12-07T13:19:24.000000Z
177,Spike,Ellis,30,2021-12-07T13:19:24.000000Z,2021-12-07T13:19:24.000000Z
178,Vincent,Perry,24,2021-12-07T13:19:24.000000Z,2021-12-07T13:19:24.000000Z
179,Naomi,Gibson,20,2021-12-07T13:19:24.000000Z,2021-12-07T13:19:24.000000Z
180,Adele,Perry,26,2021-12-07T13:19:24.000000Z,2021-12-07T13:19:24.000000Z
181,Carl,Gibson,26,2021-12-07T13:19:24.000000Z,2021-12-07T13:19:24.000000Z
182,Henry,Ellis,22,2021-12-07T13:19:24.000000Z,2021-12-07T13:19:24.000000Z
183,Hailey,Montgomery,26,2021-12-07T13:19:24.000000Z,2021-12-07T13:19:24.000000Z
184,Lily,Bailey,29,2021-12-07T13:19:24.000000Z,2021-12-07T13:19:24.000000Z
185,Jared,Watson,28,2021-12-07T13:19:24.000000Z,2021-12-07T13:19:24.000000Z
186,Alissa,Fowler,25,2021-12-07T13:19:24.000000Z,2021-12-07T13:19:24.000000Z
187,Tyler,Russell,20,2021-12-07T13:19:24.000000Z,2021-12-07T13:19:24.000000Z
188,Antony,Chapman,22,2021-12-07T13:19:24.000000Z,2021-12-07T13:19:24.000000Z
189,Julia,Crawford,24,2021-12-07T13:19:24.000000Z,2021-12-07T13:19:24.000000Z
190,Tess,Carroll,23,2021-12-07T13:19:24.000000Z,2021-12-07T13:19:24.000000Z
191,Edwin,Tucker,30,2021-12-07T13:19:24.000000Z,2021-12-07T13:19:24.000000Z
192,Charlotte,Hunt,18,2021-12-07T13:19:24.000000Z,2021-12-07T13:19:24.000000Z
193,Aiden,Edwards,25,2021-12-07T13:19:24.000000Z,2021-12-07T13:19:24.000000Z
194,Edith,Kelly,20,2021-12-07T13:19:24.000000Z,2021-12-07T13:19:24.000000Z
195,Chloe,Hill,27,2021-12-07T13:19:24.000000Z,2021-12-07T13:19:24.000000Z
196,Lyndon,Montgomery,23,2021-12-07T13:19:24.000000Z,2021-12-07T13:19:24.000000Z
197,Hailey,Moore,25,2021-12-07T13:19:24.000000Z,2021-12-07T13:19:24.000000Z
198,Sophia,Thomas,27,2021-12-07T13:19:24.000000Z,2021-12-07T13:19:24.000000Z
199,Sofia,Scott,22,2021-12-07T13:19:24.000000Z,2021-12-07T13:19:24.000000Z
200,Max,Douglas,22,2021-12-07T13:19:24.000000Z,2021-12-07T13:19:24.000000Z
1,Antony,Phillips,21,2021-12-07T13:19:23.000000Z,2021-12-07T13:19:23.000000Z
